TIMESLICE,YEAR,TECHNOLOGY,MODE_OF_OPERATION,REGION,VALUE
ID,2014,GasExtraction,1,SIMPLICITY,0.55708901219
ID,2014,NGCC,1,SIMPLICITY,0.2796631547799999
ID,2014,TD,1,SIMPLICITY,0.2796631547799999
ID,2015,GasExtraction,1,SIMPLICITY,0.5598568489799999
ID,2015,NGCC,1,SIMPLICITY,0.28105263262
ID,2015,TD,1,SIMPLICITY,0.28105263262
ID,2016,GasExtraction,1,SIMPLICITY,0.57218628104
ID,2016,NGCC,1,SIMPLICITY,0.28724210359999997
ID,2016,TD,1,SIMPLICITY,0.28724210359999997
ID,2017,GasExtraction,1,SIMPLICITY,0.5892965024
ID,2017,NGCC,1,SIMPLICITY,0.29583157115
ID,2017,TD,1,SIMPLICITY,0.29583157115
ID,2018,GasExtraction,1,SIMPLICITY,0.6859189897000001
ID,2018,NGCC,1,SIMPLICITY,0.34433683692999995
ID,2018,TD,1,SIMPLICITY,0.34433683692999995
ID,2019,GasExtraction,1,SIMPLICITY,0.7319656471899999
ID,2019,NGCC,1,SIMPLICITY,0.36745262583
ID,2019,TD,1,SIMPLICITY,0.36745262583
ID,2020,GasExtraction,1,SIMPLICITY,0.7772574370699998
ID,2020,NGCC,1,SIMPLICITY,0.39018947229
ID,2020,TD,1,SIMPLICITY,0.39018947229
ID,2021,GasExtraction,1,SIMPLICITY,0.85123401276
ID,2021,NGCC,1,SIMPLICITY,0.42732631484
ID,2021,TD,1,SIMPLICITY,0.42732631484
ID,2022,GasExtraction,1,SIMPLICITY,0.88822230894
ID,2022,NGCC,1,SIMPLICITY,0.44589474445
ID,2022,TD,1,SIMPLICITY,0.44589474445
ID,2023,GasExtraction,1,SIMPLICITY,0.95263730603
ID,2023,NGCC,1,SIMPLICITY,0.47823157719000003
ID,2023,TD,1,SIMPLICITY,0.47823157719000003
ID,2024,GasExtraction,1,SIMPLICITY,0.9825802100800001
ID,2024,NGCC,1,SIMPLICITY,0.49326314956999995
ID,2024,TD,1,SIMPLICITY,0.49326314956999995
ID,2025,GasExtraction,1,SIMPLICITY,1.0002
ID,2025,GasImport,1,SIMPLICITY,0.007793936808999999
ID,2025,NGCC,1,SIMPLICITY,0.50602105064
ID,2025,TD,1,SIMPLICITY,0.50602105064
ID,2026,GasExtraction,1,SIMPLICITY,1.0002
ID,2026,GasImport,1,SIMPLICITY,0.046795200502
ID,2026,NGCC,1,SIMPLICITY,0.52559999898
ID,2026,TD,1,SIMPLICITY,0.52559999898
ID,2027,GasExtraction,1,SIMPLICITY,1.0002
ID,2027,GasImport,1,SIMPLICITY,0.08705456909899999
ID,2027,NGCC,1,SIMPLICITY,0.5458105236099999
ID,2027,TD,1,SIMPLICITY,0.5458105236099999
ID,2028,GasExtraction,1,SIMPLICITY,1.0002
ID,2028,GasImport,1,SIMPLICITY,0.11599099022599998
ID,2028,NGCC,1,SIMPLICITY,0.5603368449599999
ID,2028,TD,1,SIMPLICITY,0.5603368449599999
ID,2029,GasExtraction,1,SIMPLICITY,1.0002
ID,2029,GasImport,1,SIMPLICITY,0.14165633726899998
ID,2029,NGCC,1,SIMPLICITY,0.57322105462
ID,2029,TD,1,SIMPLICITY,0.57322105462
ID,2030,Backstop,1,SIMPLICITY,0.45481919564999995
ID,2030,GasExtraction,1,SIMPLICITY,0.21283117438999996
ID,2030,NGCC,1,SIMPLICITY,0.10684295598499999
ID,2030,TD,1,SIMPLICITY,0.10684295598499999
ID,2031,Backstop,1,SIMPLICITY,0.51166234534
ID,2031,GasExtraction,1,SIMPLICITY,0.12710563771099997
ID,2031,NGCC,1,SIMPLICITY,0.063808050725
ID,2031,TD,1,SIMPLICITY,0.063808050725
ID,2032,Backstop,1,SIMPLICITY,0.5867770152699999
ID,2032,GasExtraction,1,SIMPLICITY,0.028481376802999996
ID,2032,NGCC,1,SIMPLICITY,0.014297880170899996
ID,2032,TD,1,SIMPLICITY,0.014297880170899996
ID,2033,Backstop,1,SIMPLICITY,0.6166799946699999
ID,2034,Backstop,1,SIMPLICITY,0.6331199986799999
ID,2035,Backstop,1,SIMPLICITY,0.6483599960699999
ID,2036,Backstop,1,SIMPLICITY,0.66659999334
ID,2037,Backstop,1,SIMPLICITY,0.68784000716
ID,2038,Backstop,1,SIMPLICITY,0.7084800010000001
ID,2039,Backstop,1,SIMPLICITY,0.72971999815
ID,2040,Backstop,1,SIMPLICITY,0.7587600049900001
IN,2014,GasExtraction,1,SIMPLICITY,0.3713926751500001
IN,2014,NGCC,1,SIMPLICITY,0.18644210165
IN,2014,TD,1,SIMPLICITY,0.18644210165
IN,2015,GasExtraction,1,SIMPLICITY,0.3732378951
IN,2015,NGCC,1,SIMPLICITY,0.18736842264
IN,2015,TD,1,SIMPLICITY,0.18736842264
IN,2016,GasExtraction,1,SIMPLICITY,0.38145751427
IN,2016,NGCC,1,SIMPLICITY,0.19149473812
IN,2016,TD,1,SIMPLICITY,0.19149473812
IN,2017,GasExtraction,1,SIMPLICITY,0.39286433305
IN,2017,NGCC,1,SIMPLICITY,0.19722105501000003
IN,2017,TD,1,SIMPLICITY,0.19722105501000003
IN,2018,GasExtraction,1,SIMPLICITY,0.45727932341
IN,2018,NGCC,1,SIMPLICITY,0.22955789843000002
IN,2018,TD,1,SIMPLICITY,0.22955789843000002
IN,2019,GasExtraction,1,SIMPLICITY,0.48797709772000003
IN,2019,NGCC,1,SIMPLICITY,0.24496842341999997
IN,2019,TD,1,SIMPLICITY,0.24496842341999997
IN,2020,GasExtraction,1,SIMPLICITY,0.4998
IN,2020,GasImport,1,SIMPLICITY,0.018371620911
IN,2020,NGCC,1,SIMPLICITY,0.26012631617
IN,2020,TD,1,SIMPLICITY,0.26012631617
IN,2021,GasExtraction,1,SIMPLICITY,0.4998
IN,2021,GasImport,1,SIMPLICITY,0.067689347593
IN,2021,NGCC,1,SIMPLICITY,0.28488420905000006
IN,2021,TD,1,SIMPLICITY,0.28488420905000006
IN,2022,GasExtraction,1,SIMPLICITY,0.4998
IN,2022,GasImport,1,SIMPLICITY,0.0923482126
IN,2022,NGCC,1,SIMPLICITY,0.29726315549
IN,2022,TD,1,SIMPLICITY,0.29726315549
IN,2023,GasExtraction,1,SIMPLICITY,0.4998
IN,2023,GasImport,1,SIMPLICITY,0.13529153673000002
IN,2023,NGCC,1,SIMPLICITY,0.31882105388
IN,2023,TD,1,SIMPLICITY,0.31882105388
IN,2024,GasExtraction,1,SIMPLICITY,0.4998
IN,2024,GasImport,1,SIMPLICITY,0.15525347375999998
IN,2024,NGCC,1,SIMPLICITY,0.32884210219
IN,2024,TD,1,SIMPLICITY,0.32884210219
IN,2025,GasExtraction,1,SIMPLICITY,0.4998
IN,2025,GasImport,1,SIMPLICITY,0.17219596071999999
IN,2025,NGCC,1,SIMPLICITY,0.33734736539000004
IN,2025,TD,1,SIMPLICITY,0.33734736539000004
IN,2026,GasExtraction,1,SIMPLICITY,0.4998
IN,2026,GasImport,1,SIMPLICITY,0.19819679788999997
IN,2026,NGCC,1,SIMPLICITY,0.3504000005799999
IN,2026,TD,1,SIMPLICITY,0.3504000005799999
IN,2027,GasExtraction,1,SIMPLICITY,0.4998
IN,2027,GasImport,1,SIMPLICITY,0.22503638276000001
IN,2027,NGCC,1,SIMPLICITY,0.36387368395
IN,2027,TD,1,SIMPLICITY,0.36387368395
IN,2028,GasExtraction,1,SIMPLICITY,0.4998
IN,2028,GasImport,1,SIMPLICITY,0.24432732996000003
IN,2028,NGCC,1,SIMPLICITY,0.37355789205
IN,2028,TD,1,SIMPLICITY,0.37355789205
IN,2029,GasExtraction,1,SIMPLICITY,0.4998
IN,2029,GasImport,1,SIMPLICITY,0.26143755813
IN,2029,NGCC,1,SIMPLICITY,0.38214737155
IN,2029,TD,1,SIMPLICITY,0.38214737155
IN,2030,Backstop,1,SIMPLICITY,0.22727317935
IN,2030,GasExtraction,1,SIMPLICITY,0.30112082847
IN,2030,NGCC,1,SIMPLICITY,0.15116507644
IN,2030,TD,1,SIMPLICITY,0.15116507644
IN,2031,Backstop,1,SIMPLICITY,0.25567770466
IN,2031,GasExtraction,1,SIMPLICITY,0.26387141753
IN,2031,NGCC,1,SIMPLICITY,0.13246556757
IN,2031,TD,1,SIMPLICITY,0.13246556757
IN,2032,Backstop,1,SIMPLICITY,0.29321250972999996
IN,2032,GasExtraction,1,SIMPLICITY,0.22441974618000002
IN,2032,NGCC,1,SIMPLICITY,0.11266051775999998
IN,2032,TD,1,SIMPLICITY,0.11266051775999998
IN,2033,Backstop,1,SIMPLICITY,0.32542850983999994
IN,2033,GasExtraction,1,SIMPLICITY,0.17968151529999998
IN,2033,NGCC,1,SIMPLICITY,0.09020156327
IN,2033,TD,1,SIMPLICITY,0.09020156327
IN,2034,Backstop,1,SIMPLICITY,0.35924531937000004
IN,2034,GasExtraction,1,SIMPLICITY,0.13175440214999998
IN,2034,NGCC,1,SIMPLICITY,0.066141767706
IN,2034,TD,1,SIMPLICITY,0.066141767706
IN,2035,Backstop,1,SIMPLICITY,0.39214027278999997
IN,2035,GasExtraction,1,SIMPLICITY,0.08408279509000001
IN,2035,NGCC,1,SIMPLICITY,0.042210237482
IN,2035,TD,1,SIMPLICITY,0.042210237482
IN,2036,Backstop,1,SIMPLICITY,0.41685220072999996
IN,2036,GasExtraction,1,SIMPLICITY,0.057763381234999994
IN,2036,NGCC,1,SIMPLICITY,0.028997681286
IN,2036,TD,1,SIMPLICITY,0.028997681286
IN,2037,Backstop,1,SIMPLICITY,0.44766185526999996
IN,2037,GasExtraction,1,SIMPLICITY,0.022851693165
IN,2037,NGCC,1,SIMPLICITY,0.011471733637000001
IN,2037,TD,1,SIMPLICITY,0.011471733637000001
IN,2038,Backstop,1,SIMPLICITY,0.4723199964
IN,2039,Backstop,1,SIMPLICITY,0.4864799968
IN,2040,Backstop,1,SIMPLICITY,0.5058399996999999
SD,2014,GasExtraction,1,SIMPLICITY,0.69636126107
SD,2014,NGCC,1,SIMPLICITY,0.34957895181
SD,2014,TD,1,SIMPLICITY,0.34957895181
SD,2015,GasExtraction,1,SIMPLICITY,0.69982105289
SD,2015,NGCC,1,SIMPLICITY,0.35131578244
SD,2015,TD,1,SIMPLICITY,0.35131578244
SD,2016,GasExtraction,1,SIMPLICITY,0.71523283463
SD,2016,NGCC,1,SIMPLICITY,0.35905262949999994
SD,2016,TD,1,SIMPLICITY,0.35905262949999994
SD,2017,GasExtraction,1,SIMPLICITY,0.7366206279999999
SD,2017,NGCC,1,SIMPLICITY,0.36978947644
SD,2017,TD,1,SIMPLICITY,0.36978947644
SD,2018,GasExtraction,1,SIMPLICITY,0.8573987287899999
SD,2018,NGCC,1,SIMPLICITY,0.4304210503299999
SD,2018,TD,1,SIMPLICITY,0.4304210503299999
SD,2019,GasExtraction,1,SIMPLICITY,0.9149570548199999
SD,2019,NGCC,1,SIMPLICITY,0.45931579478999995
SD,2019,TD,1,SIMPLICITY,0.45931579478999995
SD,2020,GasExtraction,1,SIMPLICITY,0.9715717921699998
SD,2020,NGCC,1,SIMPLICITY,0.48773684453
SD,2020,TD,1,SIMPLICITY,0.48773684453
SD,2021,GasExtraction,1,SIMPLICITY,1.0002
SD,2021,GasImport,1,SIMPLICITY,0.063842525952
SD,2021,NGCC,1,SIMPLICITY,0.53415789355
SD,2021,TD,1,SIMPLICITY,0.53415789355
SD,2022,GasExtraction,1,SIMPLICITY,1.0002
SD,2022,GasImport,1,SIMPLICITY,0.11007789450999998
SD,2022,NGCC,1,SIMPLICITY,0.5573684180599999
SD,2022,TD,1,SIMPLICITY,0.5573684180599999
SD,2023,GasExtraction,1,SIMPLICITY,1.0002
SD,2023,GasImport,1,SIMPLICITY,0.19059662837
SD,2023,NGCC,1,SIMPLICITY,0.5977894673199999
SD,2023,TD,1,SIMPLICITY,0.5977894673199999
SD,2024,GasExtraction,1,SIMPLICITY,1.0002
SD,2024,GasImport,1,SIMPLICITY,0.2280252626
SD,2024,NGCC,1,SIMPLICITY,0.61657894113
SD,2024,TD,1,SIMPLICITY,0.61657894113
SD,2025,GasExtraction,1,SIMPLICITY,1.0002
SD,2025,GasImport,1,SIMPLICITY,0.25979241476
SD,2025,NGCC,1,SIMPLICITY,0.6325263133
SD,2025,TD,1,SIMPLICITY,0.6325263133
SD,2026,GasExtraction,1,SIMPLICITY,1.0002
SD,2026,GasImport,1,SIMPLICITY,0.30854399646
SD,2026,NGCC,1,SIMPLICITY,0.6570000070599998
SD,2026,TD,1,SIMPLICITY,0.6570000070599998
SD,2027,GasExtraction,1,SIMPLICITY,1.0002
SD,2027,GasImport,1,SIMPLICITY,0.35886820928999996
SD,2027,NGCC,1,SIMPLICITY,0.6822631586799999
SD,2027,TD,1,SIMPLICITY,0.6822631586799999
SD,2028,GasExtraction,1,SIMPLICITY,1.0002
SD,2028,GasImport,1,SIMPLICITY,0.39503874195
SD,2028,NGCC,1,SIMPLICITY,0.7004210562000001
SD,2028,TD,1,SIMPLICITY,0.7004210562000001
SD,2029,GasExtraction,1,SIMPLICITY,1.0002
SD,2029,GasImport,1,SIMPLICITY,0.42712042366999997
SD,2029,NGCC,1,SIMPLICITY,0.71652630994
SD,2029,TD,1,SIMPLICITY,0.71652630994
SD,2030,Backstop,1,SIMPLICITY,0.45481919564999995
SD,2030,GasExtraction,1,SIMPLICITY,0.50445997182
SD,2030,NGCC,1,SIMPLICITY,0.25324295512999995
SD,2030,TD,1,SIMPLICITY,0.25324295512999995
SD,2031,Backstop,1,SIMPLICITY,0.51166234534
SD,2031,GasExtraction,1,SIMPLICITY,0.42710083642
SD,2031,NGCC,1,SIMPLICITY,0.21440805636999996
SD,2031,TD,1,SIMPLICITY,0.21440805636999996
SD,2032,Backstop,1,SIMPLICITY,0.5867770152699999
SD,2032,GasExtraction,1,SIMPLICITY,0.34319640888999997
SD,2032,NGCC,1,SIMPLICITY,0.17228735058
SD,2032,TD,1,SIMPLICITY,0.17228735058
SD,2033,Backstop,1,SIMPLICITY,0.6512476901599998
SD,2033,GasExtraction,1,SIMPLICITY,0.25078714739999997
SD,2033,NGCC,1,SIMPLICITY,0.125897159397
SD,2033,TD,1,SIMPLICITY,0.125897159397
SD,2034,Backstop,1,SIMPLICITY,0.71892190563
SD,2034,GasExtraction,1,SIMPLICITY,0.151975113945
SD,2034,NGCC,1,SIMPLICITY,0.07629272882799999
SD,2034,TD,1,SIMPLICITY,0.07629272882799999
SD,2035,Backstop,1,SIMPLICITY,0.7847513022099999
SD,2035,GasExtraction,1,SIMPLICITY,0.053886105065999994
SD,2035,NGCC,1,SIMPLICITY,0.027051257502999998
SD,2035,TD,1,SIMPLICITY,0.027051257502999998
SD,2036,Backstop,1,SIMPLICITY,0.8332500000099999
SD,2037,Backstop,1,SIMPLICITY,0.8597999922799999
SD,2038,Backstop,1,SIMPLICITY,0.88560000125
SD,2039,Backstop,1,SIMPLICITY,0.9121499935199999
SD,2040,Backstop,1,SIMPLICITY,0.9484500020699999
SN,2014,GasExtraction,1,SIMPLICITY,0.23212042301000002
SN,2014,NGCC,1,SIMPLICITY,0.11652631249
SN,2014,TD,1,SIMPLICITY,0.11652631249
SN,2015,GasExtraction,1,SIMPLICITY,0.23327368651999997
SN,2015,NGCC,1,SIMPLICITY,0.11710526415
SN,2015,TD,1,SIMPLICITY,0.11710526415
SN,2016,GasExtraction,1,SIMPLICITY,0.23841094746000002
SN,2016,NGCC,1,SIMPLICITY,0.11968420715999999
SN,2016,TD,1,SIMPLICITY,0.11968420715999999
SN,2017,GasExtraction,1,SIMPLICITY,0.24554021128
SN,2017,NGCC,1,SIMPLICITY,0.12326315834
SN,2017,TD,1,SIMPLICITY,0.12326315834
SN,2018,GasExtraction,1,SIMPLICITY,0.28579957608999995
SN,2018,NGCC,1,SIMPLICITY,0.14347368756
SN,2018,TD,1,SIMPLICITY,0.14347368756
SN,2019,GasExtraction,1,SIMPLICITY,0.30498568191000003
SN,2019,NGCC,1,SIMPLICITY,0.15310526672
SN,2019,TD,1,SIMPLICITY,0.15310526672
SN,2020,GasExtraction,1,SIMPLICITY,0.32385726358999994
SN,2020,NGCC,1,SIMPLICITY,0.16257895073
SN,2020,TD,1,SIMPLICITY,0.16257895073
SN,2021,GasExtraction,1,SIMPLICITY,0.35468084589
SN,2021,NGCC,1,SIMPLICITY,0.17805263378000002
SN,2021,TD,1,SIMPLICITY,0.17805263378000002
SN,2022,GasExtraction,1,SIMPLICITY,0.37009262871
SN,2022,NGCC,1,SIMPLICITY,0.18578947114
SN,2022,TD,1,SIMPLICITY,0.18578947114
SN,2023,GasExtraction,1,SIMPLICITY,0.39693221357999997
SN,2023,NGCC,1,SIMPLICITY,0.19926315451
SN,2023,TD,1,SIMPLICITY,0.19926315451
SN,2024,GasExtraction,1,SIMPLICITY,0.40940842110000003
SN,2024,NGCC,1,SIMPLICITY,0.20552631491000004
SN,2024,TD,1,SIMPLICITY,0.20552631491000004
SN,2025,GasExtraction,1,SIMPLICITY,0.41999747545
SN,2025,NGCC,1,SIMPLICITY,0.21084210441
SN,2025,TD,1,SIMPLICITY,0.21084210441
SN,2026,GasExtraction,1,SIMPLICITY,0.43624799764
SN,2026,NGCC,1,SIMPLICITY,0.21899999828
SN,2026,TD,1,SIMPLICITY,0.21899999828
SN,2027,GasExtraction,1,SIMPLICITY,0.45302273506000007
SN,2027,NGCC,1,SIMPLICITY,0.22742105351
SN,2027,TD,1,SIMPLICITY,0.22742105351
SN,2028,GasExtraction,1,SIMPLICITY,0.46507957706
SN,2028,NGCC,1,SIMPLICITY,0.23347368149
SN,2028,TD,1,SIMPLICITY,0.23347368149
SN,2029,GasExtraction,1,SIMPLICITY,0.47577347279000004
SN,2029,NGCC,1,SIMPLICITY,0.23884210826000002
SN,2029,TD,1,SIMPLICITY,0.23884210826000002
SN,2030,Backstop,1,SIMPLICITY,0.22727317935
SN,2030,GasExtraction,1,SIMPLICITY,0.009492031668
SN,2030,NGCC,1,SIMPLICITY,0.0047650762901
SN,2030,TD,1,SIMPLICITY,0.0047650762901
SN,2031,Backstop,1,SIMPLICITY,0.23844999849999998
SN,2032,Backstop,1,SIMPLICITY,0.25014999996000004
SN,2033,Backstop,1,SIMPLICITY,0.25695000387
SN,2034,Backstop,1,SIMPLICITY,0.26379999611
SN,2035,Backstop,1,SIMPLICITY,0.27014999676
SN,2036,Backstop,1,SIMPLICITY,0.27774999721
SN,2037,Backstop,1,SIMPLICITY,0.28659999746000003
SN,2038,Backstop,1,SIMPLICITY,0.29519999775
SN,2039,Backstop,1,SIMPLICITY,0.304049998
SN,2040,Backstop,1,SIMPLICITY,0.31614999773
WD,2014,GasExtraction,1,SIMPLICITY,1.8569633517600002
WD,2014,NGCC,1,SIMPLICITY,0.9322105362899998
WD,2014,TD,1,SIMPLICITY,0.9322105362899998
WD,2015,GasExtraction,1,SIMPLICITY,1.8661894623899997
WD,2015,NGCC,1,SIMPLICITY,0.9368421064199999
WD,2015,TD,1,SIMPLICITY,0.9368421064199999
WD,2016,GasExtraction,1,SIMPLICITY,1.9072875855
WD,2016,NGCC,1,SIMPLICITY,0.9574736763899999
WD,2016,TD,1,SIMPLICITY,0.9574736763899999
WD,2017,GasExtraction,1,SIMPLICITY,1.96432168152
WD,2017,NGCC,1,SIMPLICITY,0.9861052796099999
WD,2017,TD,1,SIMPLICITY,0.9861052796099999
WD,2018,GasExtraction,1,SIMPLICITY,1.9998
WD,2018,GasImport,1,SIMPLICITY,0.286596630804
WD,2018,NGCC,1,SIMPLICITY,1.1477894762399998
WD,2018,TD,1,SIMPLICITY,1.1477894762399998
WD,2019,GasExtraction,1,SIMPLICITY,1.9998
WD,2019,GasImport,1,SIMPLICITY,0.44008548704999995
WD,2019,NGCC,1,SIMPLICITY,1.22484210354
WD,2019,TD,1,SIMPLICITY,1.22484210354
WD,2020,GasExtraction,1,SIMPLICITY,1.9998
WD,2020,GasImport,1,SIMPLICITY,0.59105812161
WD,2020,NGCC,1,SIMPLICITY,1.3006315904999999
WD,2020,TD,1,SIMPLICITY,1.3006315904999999
WD,2021,GasExtraction,1,SIMPLICITY,1.9998
WD,2021,GasImport,1,SIMPLICITY,0.83764672695
WD,2021,NGCC,1,SIMPLICITY,1.4244210436499998
WD,2021,TD,1,SIMPLICITY,1.4244210436499998
WD,2022,GasExtraction,1,SIMPLICITY,1.9998
WD,2022,GasImport,1,SIMPLICITY,0.9609410629499999
WD,2022,NGCC,1,SIMPLICITY,1.4863157868899997
WD,2022,TD,1,SIMPLICITY,1.4863157868899997
WD,2023,GasExtraction,1,SIMPLICITY,1.9998
WD,2023,GasImport,1,SIMPLICITY,1.1756576891400001
WD,2023,NGCC,1,SIMPLICITY,1.59410527353
WD,2023,TD,1,SIMPLICITY,1.59410527353
WD,2024,GasExtraction,1,SIMPLICITY,1.9998
WD,2024,GasImport,1,SIMPLICITY,1.27546737384
WD,2024,NGCC,1,SIMPLICITY,1.64421052917
WD,2024,TD,1,SIMPLICITY,1.64421052917
WD,2025,GasExtraction,1,SIMPLICITY,1.9998
WD,2025,GasImport,1,SIMPLICITY,1.3601798017499998
WD,2025,NGCC,1,SIMPLICITY,1.68673684278
WD,2025,TD,1,SIMPLICITY,1.68673684278
WD,2026,GasExtraction,1,SIMPLICITY,1.9998
WD,2026,GasImport,1,SIMPLICITY,1.4901840000299997
WD,2026,NGCC,1,SIMPLICITY,1.75200001581
WD,2026,TD,1,SIMPLICITY,1.75200001581
WD,2027,GasExtraction,1,SIMPLICITY,1.9998
WD,2027,GasImport,1,SIMPLICITY,1.6243818789
WD,2027,NGCC,1,SIMPLICITY,1.81936841163
WD,2027,TD,1,SIMPLICITY,1.81936841163
WD,2028,GasExtraction,1,SIMPLICITY,1.9998
WD,2028,GasImport,1,SIMPLICITY,1.72083663246
WD,2028,NGCC,1,SIMPLICITY,1.86778946904
WD,2028,TD,1,SIMPLICITY,1.86778946904
WD,2029,GasExtraction,1,SIMPLICITY,1.9998
WD,2029,GasImport,1,SIMPLICITY,1.80638777649
WD,2029,NGCC,1,SIMPLICITY,1.9107368405399998
WD,2029,TD,1,SIMPLICITY,1.9107368405399998
WD,2030,Backstop,1,SIMPLICITY,0.9093655543499999
WD,2030,GasExtraction,1,SIMPLICITY,1.9815880213799997
WD,2030,NGCC,1,SIMPLICITY,0.99477311274
WD,2030,TD,1,SIMPLICITY,0.99477311274
WD,2031,Backstop,1,SIMPLICITY,1.0230177546600001
WD,2031,GasExtraction,1,SIMPLICITY,1.85482926519
WD,2031,NGCC,1,SIMPLICITY,0.9311391767699998
WD,2031,TD,1,SIMPLICITY,0.9311391767699998
WD,2032,Backstop,1,SIMPLICITY,1.1732020347299998
WD,2032,GasExtraction,1,SIMPLICITY,1.73618099787
WD,2032,NGCC,1,SIMPLICITY,0.8715768002699998
WD,2032,TD,1,SIMPLICITY,0.8715768002699998
WD,2033,Backstop,1,SIMPLICITY,1.3021047098399998
WD,2033,GasExtraction,1,SIMPLICITY,1.57996062147
WD,2033,NGCC,1,SIMPLICITY,0.79315291011
WD,2033,TD,1,SIMPLICITY,0.79315291011
WD,2034,Backstop,1,SIMPLICITY,1.43741254437
WD,2034,GasExtraction,1,SIMPLICITY,1.41114843771
WD,2034,NGCC,1,SIMPLICITY,0.7084078521299999
WD,2034,TD,1,SIMPLICITY,0.7084078521299999
WD,2035,Backstop,1,SIMPLICITY,1.5690318477899998
WD,2035,GasExtraction,1,SIMPLICITY,1.2416830859399999
WD,2035,NGCC,1,SIMPLICITY,0.62333489361
WD,2035,TD,1,SIMPLICITY,0.62333489361
WD,2036,Backstop,1,SIMPLICITY,1.66790922573
WD,2036,GasExtraction,1,SIMPLICITY,1.16184083763
WD,2036,NGCC,1,SIMPLICITY,0.58325343549
WD,2036,TD,1,SIMPLICITY,0.58325343549
WD,2037,Backstop,1,SIMPLICITY,1.7911848302699998
WD,2037,GasExtraction,1,SIMPLICITY,1.0518078420299999
WD,2037,NGCC,1,SIMPLICITY,0.5280159931199999
WD,2037,TD,1,SIMPLICITY,0.5280159931199999
WD,2038,Backstop,1,SIMPLICITY,1.9162945513799998
WD,2038,GasExtraction,1,SIMPLICITY,0.93373518381
WD,2038,NGCC,1,SIMPLICITY,0.46874255439
WD,2038,TD,1,SIMPLICITY,0.46874255439
WD,2039,Backstop,1,SIMPLICITY,2.05066881261
WD,2039,GasExtraction,1,SIMPLICITY,0.80043004899
WD,2039,NGCC,1,SIMPLICITY,0.40182231375
WD,2039,TD,1,SIMPLICITY,0.40182231375
WD,2040,Backstop,1,SIMPLICITY,2.21104044051
WD,2040,GasExtraction,1,SIMPLICITY,0.66713034696
WD,2040,NGCC,1,SIMPLICITY,0.33490477284000003
WD,2040,TD,1,SIMPLICITY,0.33490477284000003
WN,2014,GasExtraction,1,SIMPLICITY,0.92848169254
WN,2014,NGCC,1,SIMPLICITY,0.46610526907999994
WN,2014,TD,1,SIMPLICITY,0.46610526907999994
WN,2015,GasExtraction,1,SIMPLICITY,0.9330947316299999
WN,2015,NGCC,1,SIMPLICITY,0.46842104880999996
WN,2015,TD,1,SIMPLICITY,0.46842104880999996
WN,2016,GasExtraction,1,SIMPLICITY,0.9536437906199998
WN,2016,NGCC,1,SIMPLICITY,0.47873684488999996
WN,2016,TD,1,SIMPLICITY,0.47873684488999996
WN,2017,GasExtraction,1,SIMPLICITY,0.9821608428899999
WN,2017,NGCC,1,SIMPLICITY,0.49305262414
WN,2017,TD,1,SIMPLICITY,0.49305262414
WN,2018,GasExtraction,1,SIMPLICITY,1.0002
WN,2018,GasImport,1,SIMPLICITY,0.142998315611
WN,2018,NGCC,1,SIMPLICITY,0.5738947393299999
WN,2018,TD,1,SIMPLICITY,0.5738947393299999
WN,2019,GasExtraction,1,SIMPLICITY,1.0002
WN,2019,GasImport,1,SIMPLICITY,0.21974273976
WN,2019,NGCC,1,SIMPLICITY,0.6124210597199999
WN,2019,TD,1,SIMPLICITY,0.6124210597199999
WN,2020,GasExtraction,1,SIMPLICITY,1.0002
WN,2020,GasImport,1,SIMPLICITY,0.29522905067
WN,2020,NGCC,1,SIMPLICITY,0.6503157871499999
WN,2020,TD,1,SIMPLICITY,0.6503157871499999
WN,2021,GasExtraction,1,SIMPLICITY,1.0002
WN,2021,GasImport,1,SIMPLICITY,0.41852337126999994
WN,2021,NGCC,1,SIMPLICITY,0.7122105302899999
WN,2021,TD,1,SIMPLICITY,0.7122105302899999
WN,2022,GasExtraction,1,SIMPLICITY,1.0002
WN,2022,GasImport,1,SIMPLICITY,0.48017053156999995
WN,2022,NGCC,1,SIMPLICITY,0.7431579018599999
WN,2022,TD,1,SIMPLICITY,0.7431579018599999
WN,2023,GasExtraction,1,SIMPLICITY,1.0002
WN,2023,GasImport,1,SIMPLICITY,0.58752884894
WN,2023,NGCC,1,SIMPLICITY,0.7970526286499999
WN,2023,TD,1,SIMPLICITY,0.7970526286499999
WN,2024,GasExtraction,1,SIMPLICITY,1.0002
WN,2024,GasImport,1,SIMPLICITY,0.6374336779099999
WN,2024,NGCC,1,SIMPLICITY,0.82210525484
WN,2024,TD,1,SIMPLICITY,0.82210525484
WN,2025,GasExtraction,1,SIMPLICITY,1.0002
WN,2025,GasImport,1,SIMPLICITY,0.67978989746
WN,2025,NGCC,1,SIMPLICITY,0.8433684232900001
WN,2025,TD,1,SIMPLICITY,0.8433684232900001
WN,2026,GasExtraction,1,SIMPLICITY,1.0002
WN,2026,GasImport,1,SIMPLICITY,0.74479199528
WN,2026,NGCC,1,SIMPLICITY,0.8759999982999999
WN,2026,TD,1,SIMPLICITY,0.8759999982999999
WN,2027,GasExtraction,1,SIMPLICITY,1.0002
WN,2027,GasImport,1,SIMPLICITY,0.8118909457199999
WN,2027,NGCC,1,SIMPLICITY,0.90968421713
WN,2027,TD,1,SIMPLICITY,0.90968421713
WN,2028,GasExtraction,1,SIMPLICITY,1.0002
WN,2028,GasImport,1,SIMPLICITY,0.8601183225999999
WN,2028,NGCC,1,SIMPLICITY,0.9338947416
WN,2028,TD,1,SIMPLICITY,0.9338947416
WN,2029,GasExtraction,1,SIMPLICITY,1.0002
WN,2029,GasImport,1,SIMPLICITY,0.9028938926699999
WN,2029,NGCC,1,SIMPLICITY,0.9553684188099999
WN,2029,TD,1,SIMPLICITY,0.9553684188099999
WN,2030,Backstop,1,SIMPLICITY,0.45481919564999995
WN,2030,GasExtraction,1,SIMPLICITY,0.99050796198
WN,2030,NGCC,1,SIMPLICITY,0.49724296203999996
WN,2030,TD,1,SIMPLICITY,0.49724296203999996
WN,2031,Backstop,1,SIMPLICITY,0.51166234534
WN,2031,GasExtraction,1,SIMPLICITY,0.9270928314899999
WN,2031,NGCC,1,SIMPLICITY,0.46540804632999994
WN,2031,TD,1,SIMPLICITY,0.46540804632999994
WN,2032,Backstop,1,SIMPLICITY,0.5867770152699999
WN,2032,GasExtraction,1,SIMPLICITY,0.86772145959
WN,2032,NGCC,1,SIMPLICITY,0.43560313654
WN,2032,TD,1,SIMPLICITY,0.43560313654
WN,2033,Backstop,1,SIMPLICITY,0.6512476901599998
WN,2033,GasExtraction,1,SIMPLICITY,0.7895707158999999
WN,2033,NGCC,1,SIMPLICITY,0.3963708416499999
WN,2033,TD,1,SIMPLICITY,0.3963708416499999
WN,2034,Backstop,1,SIMPLICITY,0.71892190563
WN,2034,GasExtraction,1,SIMPLICITY,0.7051220628799999
WN,2034,NGCC,1,SIMPLICITY,0.3539769312299999
WN,2034,TD,1,SIMPLICITY,0.3539769312299999
WN,2035,Backstop,1,SIMPLICITY,0.7847513022099999
WN,2035,GasExtraction,1,SIMPLICITY,0.62034799479
WN,2035,NGCC,1,SIMPLICITY,0.31141967148
WN,2035,TD,1,SIMPLICITY,0.31141967148
WN,2036,Backstop,1,SIMPLICITY,0.8342048242699999
WN,2036,GasExtraction,1,SIMPLICITY,0.5803957726099999
WN,2036,NGCC,1,SIMPLICITY,0.29136334435
WN,2036,TD,1,SIMPLICITY,0.29136334435
WN,2037,Backstop,1,SIMPLICITY,0.8958611197299999
WN,2037,GasExtraction,1,SIMPLICITY,0.5253404804199999
WN,2037,NGCC,1,SIMPLICITY,0.26372513447999996
WN,2037,TD,1,SIMPLICITY,0.26372513447999996
WN,2038,Backstop,1,SIMPLICITY,0.9584347486199999
WN,2038,GasExtraction,1,SIMPLICITY,0.46626481764999994
WN,2038,NGCC,1,SIMPLICITY,0.23406868770999997
WN,2038,TD,1,SIMPLICITY,0.23406868770999997
WN,2039,Backstop,1,SIMPLICITY,1.02564203739
WN,2039,GasExtraction,1,SIMPLICITY,0.39956996468
WN,2039,NGCC,1,SIMPLICITY,0.20058732611
WN,2039,TD,1,SIMPLICITY,0.20058732611
WN,2040,Backstop,1,SIMPLICITY,1.10585190949
WN,2040,GasExtraction,1,SIMPLICITY,0.33286966062
WN,2040,NGCC,1,SIMPLICITY,0.16710324729999998
WN,2040,TD,1,SIMPLICITY,0.16710324729999998
